Feature,Coefficient,Absolute_Coefficient,Odds_Ratio
categorical__highway_clean_living_street,-1.7708750148972108,1.7708750148972108,0.17018401011150325
numeric__road_hierarchy,0.6680749965031636,0.6680749965031636,1.9504790254862931
categorical__highway_clean_trunk_link,-0.656404769075354,0.656404769075354,0.5187128787284679
numeric__log_segment_length,0.6044491978357497,0.6044491978357497,1.8302438289402527
categorical__highway_clean_unclassified,0.5991491048987639,0.5991491048987639,1.8205690278698154
categorical__highway_clean_tertiary_link,0.5177623410621759,0.5177623410621759,1.678268053410717
categorical__highway_clean_tertiary,0.4800837352855955,0.4800837352855955,1.6162097303102947
categorical__highway_clean_primary,0.3894160713251038,0.3894160713251038,1.4761185942008812
numeric__is_oneway,0.3801225030538009,0.3801225030538009,1.4624637347346554
categorical__highway_clean_residential,-0.3676282699199553,0.3676282699199553,0.6923745102895074
numeric__maxspeed_missing,-0.238918054323215,0.238918054323215,0.7874794102619892
categorical__highway_clean_secondary,0.2111910010236168,0.2111910010236168,1.2351482471123827
categorical__highway_clean_trunk,0.19228253433221343,0.19228253433221343,1.2120129038510215
numeric__mean_node_degree,0.17945202416988026,0.17945202416988026,1.196561496659316
numeric__maxspeed_numeric,-0.1372556893649247,0.1372556893649247,0.8717473011197484
categorical__highway_clean_primary_link,0.12466028158505985,0.12466028158505985,1.1327635670505938
categorical__highway_clean_motorway,-0.11401599516232487,0.11401599516232487,0.8922436841857077
numeric__max_node_degree,0.11200081085150992,0.11200081085150992,1.1185137675932548
numeric__degree_difference,-0.1078733808414264,0.1078733808414264,0.8977412604772784
categorical__highway_clean_busway,-0.06713176307852485,0.06713176307852485,0.9350719852558701
numeric__is_major_road,-0.0629208331238212,0.0629208331238212,0.9390178098532959
numeric__high_speed_osm,0.027401062173763688,0.027401062173763688,1.0277799237652687
categorical__highway_clean_motorway_link,-0.024836778876475136,0.024836778876475136,0.9754691162003474
numeric__touches_dead_end,0.024473123163472787,0.024473123163472787,1.024775048025622
categorical__highway_clean_secondary_link,-0.022019438813408825,0.022019438813408825,0.9782212194066333
categorical__highway_clean_road,-0.016598484693763113,0.016598484693763113,0.9835385111316572
numeric__is_tunnel,0.0,0.0,1.0
numeric__has_road_name,0.0,0.0,1.0
numeric__is_bridge,0.0,0.0,1.0
