road_segment_id,name,highway_clean,segment_length_m,collision_probability,risk_score_raw,risk_percentile,risk_category,collision_count,severe_collision_count,fatal_collision_count
225191_223517_0,nan,motorway,6546.778121062365,0.9924497320327595,99.24497320327596,100.0,Critical,6,0,0
223527_225183_0,nan,motorway,6126.212770671022,0.9906647259308933,99.06647259308933,99.99967157228201,Critical,4,1,0
1770049807_104439_0,nan,motorway,3512.000221942037,0.9901358650610087,99.01358650610086,99.99934314456402,Critical,2,0,0
25743966_134049_0,Eastern Avenue West,trunk,1617.7449614650297,0.987168354412207,98.7168354412207,99.99901471684605,Critical,2,1,0
205497_205900_0,nan,motorway,1413.8707482033778,0.9865136188373782,98.65136188373782,99.99868628912806,Critical,0,0,0
586317182_432740_0,"['Rochester Way Relief Road', 'East Rochester Way']",trunk,3112.654665777513,0.9859219010400733,98.59219010400733,99.99835786141007,Critical,4,0,0
1588846808_205516_0,nan,motorway,1580.580599347825,0.9857260165885082,98.57260165885083,99.99802943369208,Critical,10,1,0
257904583_1078604903_0,nan,motorway_link,532.5055931256118,0.9856497358078329,98.56497358078329,99.99770100597411,Critical,1,0,0
4471336236_295738_0,Chertsey Road,trunk,2294.030737152676,0.9855192786948724,98.55192786948724,99.99737257825612,Critical,1,1,0
96522577_96524557_0,Sidcup By-pass,trunk,1929.4112178132527,0.9854325031227027,98.54325031227027,99.99704415053813,Critical,0,0,0
10019657889_11030491534_0,"['Silvertown Tunnel Approach', 'Silvertown Tunnel']",trunk,1843.3225405701603,0.9853398378470116,98.53398378470116,99.99671572282014,Critical,1,0,0
96065310_256336779_0,Eastern Avenue,trunk,2850.955687694148,0.9851033570305217,98.51033570305216,99.99638729510217,Critical,12,1,0
256337535_96065591_0,Eastern Avenue,trunk,2824.3989735935997,0.9850134139230586,98.50134139230586,99.99605886738418,Critical,7,1,0
432741_586313187_0,"['Rochester Way', 'Rochester Way Relief Road']",trunk,2648.7508458803845,0.9843817635085803,98.43817635085803,99.99573043966619,Critical,3,0,0
1460628264_292217_0,"['Kingston Bypass', 'Hook Underpass']",trunk,673.9323533169785,0.984377354514925,98.4377354514925,99.9954020119482,Critical,1,0,0
16242135_1552717244_0,Watford Way,trunk,1712.618864429967,0.9840072917815162,98.40072917815162,99.99507358423021,Critical,1,0,0
445601494_212340_0,Western Avenue,trunk,2541.7233549407374,0.9839622631108793,98.39622631108793,99.99474515651224,Critical,3,0,0
446044164_328435_0,nan,motorway,2059.0287003941476,0.9839281595784677,98.39281595784676,99.99441672879425,Critical,0,0,0
197491_197582_0,Westway,trunk,1943.489904324764,0.9838901653160514,98.38901653160515,99.99408830107626,Critical,2,0,0
197583_197501_0,Westway,trunk,1933.488813148328,0.983836689814179,98.3836689814179,99.99375987335827,Critical,0,0,0
11130385_11257493562_0,"['Blackwall Tunnel', 'Blackwall Tunnel Southern Approach']",trunk,1915.4173922797556,0.9837389091799175,98.37389091799174,99.9934314456403,Critical,1,0,0
586313187_442664459_0,"['Rochester Way', 'East Rochester Way']",trunk,2452.9062776625124,0.9835916216239255,98.35916216239255,99.99310301792231,Critical,3,0,0
409484929_2727787549_0,Barnet Way,trunk,1630.097120708773,0.9834919591532816,98.34919591532815,99.99277459020432,Critical,3,0,0
11030574757_11257493562_0,"['Silvertown Tunnel Approach', 'Silvertown Tunnel']",trunk,1818.0636872693722,0.9831850703357279,98.31850703357279,99.99244616248633,Critical,1,0,0
21598947_21598982_0,Eastern Avenue East,trunk,1514.8974486028455,0.982958377708159,98.2958377708159,99.99211773476834,Critical,5,1,0
10176158977_132510_0,nan,trunk,2289.8172051136726,0.9828506394400092,98.28506394400091,99.99178930705035,Critical,5,0,0
21606846_21606857_0,Colchester Road,trunk,1000.1342222893186,0.9827838417013374,98.27838417013373,99.99146087933238,Critical,3,1,0
36473274_2140482757_0,"['Blackwall Tunnel', 'Blackwall Tunnel Southern Approach']",trunk,1729.6445375696192,0.9826384354327281,98.26384354327281,99.99113245161439,Critical,3,0,0
36867987_36867985_0,St. Helier Avenue,trunk,751.2934306022289,0.9825109035173386,98.25109035173386,99.9908040238964,Critical,1,0,0
30692125_1887555584_0,Streatham High Road,trunk,313.99025539972257,0.982505383544518,98.2505383544518,99.99047559617841,Critical,2,0,0
448874097_196294_0,North Circular Road,trunk,1795.4458404211218,0.9823639805737409,98.23639805737409,99.99014716846042,Critical,1,0,0
179072646_179008924_0,Heathrow Airport Spur Road,motorway,1403.036265149634,0.9821873221132715,98.21873221132715,99.98981874074244,Critical,2,1,0
122671181_13986562_0,Talgarth Road,trunk,450.46389928538434,0.9817755425570475,98.17755425570475,99.98949031302445,Critical,4,0,0
179011465_9753663377_0,Heathrow Airport Spur Road,motorway,1352.680303086283,0.981765085912102,98.1765085912102,99.98916188530647,Critical,1,0,0
109896_29350100_0,Talgarth Road,trunk,445.86425855257977,0.9816554716110087,98.16554716110087,99.98883345758848,Critical,1,0,0
59674807_45213287_0,"['Sidcup Road', 'Sidcup By-pass']",trunk,2036.7408419576086,0.9815130068712747,98.15130068712747,99.9885050298705,Critical,2,0,0
2329118682_200285_0,nan,motorway,3374.7653577611886,0.9814301645957811,98.14301645957812,99.9881766021525,Critical,2,1,0
432673_586317182_0,"['Rochester Way', 'East Rochester Way']",trunk,2013.419946322145,0.9813760836893867,98.13760836893867,99.98784817443453,Critical,2,0,0
210555_210562_0,nan,trunk,2451.140230634594,0.9810560201808906,98.10560201808906,99.98751974671654,Critical,2,0,0
391640_17413876_0,North Circular Road,trunk,1550.28623280635,0.9806244348935461,98.0624434893546,99.98719131899855,Critical,4,0,0
1221089222_256248204_0,nan,motorway_link,1069.468442091294,0.9805804873706452,98.05804873706452,99.98686289128057,Critical,0,0,0
2688580855_1142071147_0,Robin Hood Way,trunk,1543.6759820573352,0.9805713659350656,98.05713659350656,99.98653446356258,Critical,2,1,0
200285_1770049829_0,nan,motorway,3130.95335975171,0.9805163727729455,98.05163727729455,99.9862060358446,Critical,0,0,0
419856077_25305572_0,Grosvenor Road,trunk,386.9178263570924,0.9802298446160972,98.02298446160972,99.98587760812661,Critical,1,0,0
446044164_256248204_0,North Circular Road,trunk,1819.8436203843955,0.9801307988752797,98.01307988752797,99.98554918040863,Critical,3,1,0
25305572_419856597_0,Grosvenor Road,trunk,382.2410024089904,0.980075716446948,98.0075716446948,99.98522075269064,Critical,0,0,0
32046546_30991669_0,Southend Arterial Road,trunk,1480.6043806098965,0.9800457349165922,98.00457349165922,99.98489232497266,Critical,0,0,0
116149366_252331435_0,North Circular Road,trunk,1799.6695370773514,0.9799885761109043,97.99885761109043,99.98456389725467,Critical,7,0,0
21606848_31809644_0,Colchester Road,trunk,787.258432940792,0.9799325418778464,97.99325418778464,99.98423546953669,Critical,0,0,0
252331481_209351_0,North Circular Road,trunk,1787.91084591542,0.979904477968224,97.9904477968224,99.9839070418187,Critical,7,1,0
